sample_id,label,measure,thinh,ngan,agree
TEAM03,traffic_light,count,3,3,1
TEAM03,traffic_light,attr:direction,arrow_left|round|round,arrow_left|round|round,1
TEAM03,traffic_light,attr:evidence,__undefined__|__undefined__|__undefined__,__undefined__|__undefined__|__undefined__,1
TEAM03,traffic_light,attr:occluded,none|none|none,none|none|none,1
TEAM03,traffic_light,attr:relevance,relevant_to_ego|relevant_to_ego|relevant_to_ego,relevant_to_ego|relevant_to_ego|relevant_to_ego,1
TEAM03,traffic_light,attr:state,red|red|red,red|red|red,1
TEAM04,traffic_light,count,3,3,1
TEAM04,traffic_light,attr:direction,arrow_left|round|round,arrow_left|round|round,1
TEAM04,traffic_light,attr:evidence,__undefined__|__undefined__|__undefined__,__undefined__|__undefined__|__undefined__,1
TEAM04,traffic_light,attr:occluded,none|none|none,none|none|none,1
TEAM04,traffic_light,attr:relevance,relevant_to_ego|relevant_to_ego|relevant_to_ego,relevant_to_ego|relevant_to_ego|relevant_to_ego,1
TEAM04,traffic_light,attr:state,green|green|red,green|green|red,1
TEAM05,traffic_light,count,11,9,0
TEAM05,traffic_light,attr:direction,round|round|round|unknown|unknown|unknown|unknown|unknown|unknown|unknown|unknown,round|round|round|round|round|round|round|round|round,0
TEAM05,traffic_light,attr:evidence,__undefined__|__undefined__|__undefined__|__undefined__|__undefined__|__undefined__|__undefined__|__undefined__|__undefined__|__undefined__|__undefined__,__undefined__|__undefined__|__undefined__|__undefined__|__undefined__|__undefined__|__undefined__|__undefined__|__undefined__,0
TEAM05,traffic_light,attr:occluded,none|none|none|none|none|none|none|none|none|none|none,__undefined__|none|none|none|none|none|none|none|none,0
TEAM05,traffic_light,attr:relevance,not_relevant|not_relevant|not_relevant|not_relevant|not_relevant|not_relevant|not_relevant|not_relevant|not_relevant|relevant_to_ego|relevant_to_ego,not_relevant|not_relevant|not_relevant|not_relevant|not_relevant|not_relevant|relevant_to_ego|relevant_to_ego|relevant_to_ego,0
TEAM05,traffic_light,attr:state,green|green|red|unknown|unknown|unknown|unknown|unknown|unknown|unknown|unknown,green|green|red|unknown|unknown|unknown|unknown|unknown|unknown,0
TEAM07,traffic_light,count,4,3,0
TEAM07,traffic_light,attr:direction,round|round|round|round,round|round|round,0
TEAM07,traffic_light,attr:evidence,__undefined__|__undefined__|__undefined__|__undefined__,__undefined__|__undefined__|__undefined__,0
TEAM07,traffic_light,attr:occluded,none|none|none|none,none|none|none,0
TEAM07,traffic_light,attr:relevance,relevant_to_ego|relevant_to_ego|relevant_to_ego|relevant_to_ego,relevant_to_ego|relevant_to_ego|relevant_to_ego,0
TEAM07,traffic_light,attr:state,green|green|green|green,green|green|green,0
