sample_id,decision_id,expected,severity,kind,peer_evidence,correct,note
TEAM15,d1,"label=traffic_light x2; state=unknown cho cả 2 (màu bị camera làm ngả xanh dương); đèn bên phải relevance=relevant_to_ego, đèn bên trái relevance=unknown_relevance; evidence ghi lý do",major,decision,traffic_light [direction=round;evidence=màu bị camera làm lệch;occluded=none;relevance=relevant_to_ego;state=unknown]×2,1,"Peer vẽ đủ 2 đèn, state=unknown + evidence đúng. Peer gán cả 2 relevant_to_ego, gold ghi đèn trái unknown_relevance — nhưng 2 đèn trái/phải cùng điều khiển một hướng nên theo case 2 guideline phải cùng relevance: peer đúng, gold tự mâu thuẫn → sửa gold/guideline ở v3."
TEAM15,d2,"IGNORE: đèn đỏ nhỏ bên phải (có hình người đi bộ màu trắng ngay bên dưới) là đèn người đi bộ, không vẽ box",critical,decision,traffic_light [direction=round;evidence=màu bị camera làm lệch;occluded=none;relevance=relevant_to_ego;state=unknown]×2,1,Không vẽ box cho đèn đỏ người đi bộ bên phải — đúng IGNORE.
TEAM15,d3,"geometry: box riêng cho từng light head, không gộp chung một box cho cả 2 đèn",minor,geometry,traffic_light [direction=round;evidence=màu bị camera làm lệch;occluded=none;relevance=relevant_to_ego;state=unknown]×2,1,"2 box riêng, ôm quầng sáng của từng đèn."
TEAM16,d1,label=traffic_light x5: cụm 3 đầu đèn trên cột bên trái (~x 240–281) + 2 đầu đèn ở giữa ảnh (~x 647–678),major,decision,traffic_light [direction=round;evidence=__undefined__;occluded=none;relevance=not_relevant;state=unknown]×2 | traffic_light [direction=round;evidence=__undefined__;occluded=none;relevance=relevant_to_ego;state=red]×2 | traffic_light [direction=round;evidence=__undefined__;occluded=partial;relevance=not_relevant;state=unknown],1,"Đủ 5 box, vị trí khớp GT."
TEAM16,d2,"relevance: chỉ đầu đèn đỏ ở giữa bên phải (~(664,239)–(678,267)) là relevant_to_ego; 4 đầu đèn còn lại not_relevant",critical,decision,traffic_light [direction=round;evidence=__undefined__;occluded=none;relevance=not_relevant;state=unknown]×2 | traffic_light [direction=round;evidence=__undefined__;occluded=none;relevance=relevant_to_ego;state=red]×2 | traffic_light [direction=round;evidence=__undefined__;occluded=partial;relevance=not_relevant;state=unknown],0,"Sai critical: peer gán thêm đầu đèn đỏ trong cụm bên trái (~(251,194)–(271,230)) là relevant_to_ego; gold chỉ đầu đèn đỏ ở giữa bên phải là relevant_to_ego."
TEAM16,d3,"state: đầu đèn relevant_to_ego = red; cụm trái có 1 đèn red, 1 đèn off, 1 đèn unknown (quay góc khác camera); đầu đèn giữa bên trái = unknown",major,decision,traffic_light [direction=round;evidence=__undefined__;occluded=none;relevance=not_relevant;state=unknown]×2 | traffic_light [direction=round;evidence=__undefined__;occluded=none;relevance=relevant_to_ego;state=red]×2 | traffic_light [direction=round;evidence=__undefined__;occluded=partial;relevance=not_relevant;state=unknown],1,"Peer gán unknown cho đầu đèn quay ngang trong cụm trái, gold ghi off. Theo mục 4 guideline, off chỉ dùng khi nhìn rõ các lens đều tối; đầu đèn quay ngang không thấy lens nên unknown mới đúng → peer đúng, gold sai, sửa ở v3. Các state còn lại khớp."
TEAM19,d1,label=traffic_light x4; state=green cho cả 4,major,decision,traffic_light [direction=round;evidence=__undefined__;occluded=none;relevance=not_relevant;state=green] | traffic_light [direction=round;evidence=__undefined__;occluded=none;relevance=relevant_to_ego;state=green],0,"Peer chỉ vẽ 2/4 đèn, bỏ sót 2 đèn nhỏ ở xa (~(612,277), ~(726,269))."
TEAM19,d2,"relevance: 2 đèn lớn ở gần (~(359,170)–(404,242) và ~(641,199)–(676,261)) relevant_to_ego; 2 đèn nhỏ ở xa (~(612,277) và ~(726,269)) not_relevant",critical,decision,traffic_light [direction=round;evidence=__undefined__;occluded=none;relevance=not_relevant;state=green] | traffic_light [direction=round;evidence=__undefined__;occluded=none;relevance=relevant_to_ego;state=green],0,Sai critical: đèn gần bên trái peer gán not_relevant (gold relevant_to_ego); 2 đèn xa not_relevant bị bỏ sót.
TEAM29,d1,label=traffic_light x1; state=red; direction=arrow_straight; relevance=relevant_to_ego,major,decision,traffic_light [direction=arrow_straight;evidence=__undefined__;occluded=none;relevance=relevant_to_ego;state=red] | traffic_light [direction=round;evidence=__undefined__;occluded=none;relevance=not_relevant;state=unknown],1,"Đèn đỏ mũi tên đi thẳng đúng state/direction/relevance. Peer vẽ thêm 1 đầu đèn quay ngang (~(199,56)–(215,98), unknown, not_relevant) — đây là đèn xe thật mà gold bỏ sót, hợp lệ theo scope → gold gap, không trừ peer."
TEAM29,d2,"geometry: box ôm sát đầu đèn mũi tên ở góc trên bên trái (~(37,23)–(52,68)), không lấy cột/cần đèn",minor,geometry,traffic_light [direction=arrow_straight;evidence=__undefined__;occluded=none;relevance=relevant_to_ego;state=red] | traffic_light [direction=round;evidence=__undefined__;occluded=none;relevance=not_relevant;state=unknown],1,"Box (36,23)–(53,67) lệch ≤ 1px so với GT."
TEAM30,d1,"label=traffic_light x3 (1 đèn đỏ, 2 đèn xanh); relevance=unknown_relevance cho cả 3",major,decision,traffic_light [direction=round;evidence=__undefined__;occluded=none;relevance=not_relevant;state=red] | traffic_light [direction=round;evidence=__undefined__;occluded=none;relevance=relevant_to_ego;state=green],0,Peer vẽ 2/3 đèn (bỏ sót đèn dọc trên cột bên phải) và gán relevance not_relevant/relevant_to_ego thay vì unknown_relevance cho ảnh chụp từ vỉa hè.
TEAM30,d2,IGNORE: không vẽ box cho các bảng đếm ngược số giây cạnh đèn,major,decision,traffic_light [direction=round;evidence=__undefined__;occluded=none;relevance=not_relevant;state=red] | traffic_light [direction=round;evidence=__undefined__;occluded=none;relevance=relevant_to_ego;state=green],1,Không vẽ box cho bảng đếm ngược — đúng IGNORE.
